name,iterations,real_time,cpu_time,time_unit,bytes_per_second,items_per_second,label,error_occurred,error_message
"BM_ProducerConsumer<BoundedQueueWrapper<TestData>>/10000/2/real_time",364,1.93781,0.0453324,ms,,2.06418e+07,,,
"BM_ProducerConsumer<BoundedQueueWrapper<TestData>>/100000/2/real_time",38,19.6275,0.0611842,ms,,2.03796e+07,,,
"BM_ProducerConsumer<BoundedQueueWrapper<TestData>>/1000000/2/real_time",3,187.679,0.086,ms,,2.1313e+07,,,
"BM_ProducerConsumer<BoundedQueueWrapper<TestData>>/10000/4/real_time",58,10.68,0.10231,ms,,7.49061e+06,,,
"BM_ProducerConsumer<BoundedQueueWrapper<TestData>>/100000/4/real_time",5,128.301,0.1162,ms,,6.23533e+06,,,
"BM_ProducerConsumer<BoundedQueueWrapper<TestData>>/1000000/4/real_time",1,1431.62,0.162,ms,,5.58808e+06,,,
"BM_ProducerConsumer<BoundedQueueWrapper<TestData>>/10000/8/real_time",20,37.4591,0.1837,ms,,4.27133e+06,,,
"BM_ProducerConsumer<BoundedQueueWrapper<TestData>>/100000/8/real_time",2,440.485,0.186,ms,,3.63236e+06,,,
"BM_ProducerConsumer<BoundedQueueWrapper<TestData>>/1000000/8/real_time",1,4289.12,0.243,ms,,3.73037e+06,,,
"BM_ProducerConsumer<BoundedQueueWrapper<TestData>>/10000/16/real_time",8,95.8933,0.341375,ms,,3.33704e+06,,,
"BM_ProducerConsumer<BoundedQueueWrapper<TestData>>/100000/16/real_time",1,1164.77,0.354,ms,,2.74733e+06,,,
"BM_ProducerConsumer<BoundedQueueWrapper<TestData>>/1000000/16/real_time",1,13027.2,0.506,ms,,2.45639e+06,,,
"BM_ProducerConsumer<BoundedQueueWrapper<TestData>>/10000/32/real_time",2,263.923,0.7485,ms,,2.42495e+06,,,
"BM_ProducerConsumer<BoundedQueueWrapper<TestData>>/100000/32/real_time",1,4383.26,0.746,ms,,1.4601e+06,,,
"BM_ProducerConsumer<BoundedQueueWrapper<TestData>>/1000000/32/real_time",1,53305.1,0.843,ms,,1.20064e+06,,,
"BM_ProducerConsumer<LockFreeQueueRecycle<TestData>>/10000/2/real_time",210,3.30342,0.0404143,ms,,1.21087e+07,,,
"BM_ProducerConsumer<LockFreeQueueRecycle<TestData>>/100000/2/real_time",21,32.3696,0.0426667,ms,,1.23573e+07,,,
"BM_ProducerConsumer<LockFreeQueueRecycle<TestData>>/1000000/2/real_time",2,326.025,0.0475,ms,,1.2269e+07,,,
"BM_ProducerConsumer<LockFreeQueueRecycle<TestData>>/10000/4/real_time",41,17.1173,0.0781463,ms,,4.67363e+06,,,
"BM_ProducerConsumer<LockFreeQueueRecycle<TestData>>/100000/4/real_time",4,171.112,0.087,ms,,4.6753e+06,,,
"BM_ProducerConsumer<LockFreeQueueRecycle<TestData>>/1000000/4/real_time",1,1712.77,0.1,ms,,4.6708e+06,,,
"BM_ProducerConsumer<LockFreeQueueRecycle<TestData>>/10000/8/real_time",19,36.1286,0.189842,ms,,4.42863e+06,,,
"BM_ProducerConsumer<LockFreeQueueRecycle<TestData>>/100000/8/real_time",2,344.745,0.1525,ms,,4.64112e+06,,,
"BM_ProducerConsumer<LockFreeQueueRecycle<TestData>>/1000000/8/real_time",1,3419.8,0.227,ms,,4.67864e+06,,,
"BM_ProducerConsumer<LockFreeQueueRecycle<TestData>>/10000/16/real_time",8,84.1735,0.451125,ms,,3.80167e+06,,,
"BM_ProducerConsumer<LockFreeQueueRecycle<TestData>>/100000/16/real_time",1,705.39,0.461,ms,,4.5365e+06,,,
"BM_ProducerConsumer<LockFreeQueueRecycle<TestData>>/1000000/16/real_time",1,7097.12,0.433,ms,,4.50887e+06,,,
"BM_ProducerConsumer<LockFreeQueueRecycle<TestData>>/10000/32/real_time",4,170.992,1.5665,ms,,3.74287e+06,,,
"BM_ProducerConsumer<LockFreeQueueRecycle<TestData>>/100000/32/real_time",1,1415.78,0.753,ms,,4.52049e+06,,,
"BM_ProducerConsumer<LockFreeQueueRecycle<TestData>>/1000000/32/real_time",1,14222.7,1.122,ms,,4.49986e+06,,,
"BM_ProducerConsumer<LockFreeQueue<TestData>>/10000/2/real_time",258,2.48091,0.336151,ms,,1.61231e+07,,,
"BM_ProducerConsumer<LockFreeQueue<TestData>>/100000/2/real_time",29,24.0793,3.23603,ms,,1.66118e+07,,,
"BM_ProducerConsumer<LockFreeQueue<TestData>>/1000000/2/real_time",3,243.927,33.8267,ms,,1.63983e+07,,,
"BM_ProducerConsumer<LockFreeQueue<TestData>>/10000/4/real_time",59,11.7118,0.786017,ms,,6.8307e+06,,,
"BM_ProducerConsumer<LockFreeQueue<TestData>>/100000/4/real_time",6,121.091,6.858,ms,,6.60658e+06,,,
"BM_ProducerConsumer<LockFreeQueue<TestData>>/1000000/4/real_time",1,1227.09,73.726,ms,,6.51949e+06,,,
"BM_ProducerConsumer<LockFreeQueue<TestData>>/10000/8/real_time",25,27.7621,1.54296,ms,,5.76326e+06,,,
"BM_ProducerConsumer<LockFreeQueue<TestData>>/100000/8/real_time",3,248.334,13.5507,ms,,6.44293e+06,,,
"BM_ProducerConsumer<LockFreeQueue<TestData>>/1000000/8/real_time",1,2549.74,175.866,ms,,6.27515e+06,,,
"BM_ProducerConsumer<LockFreeQueue<TestData>>/10000/16/real_time",9,61.525,3.02089,ms,,5.20114e+06,,,
"BM_ProducerConsumer<LockFreeQueue<TestData>>/100000/16/real_time",1,516.926,27.3,ms,,6.19044e+06,,,
"BM_ProducerConsumer<LockFreeQueue<TestData>>/1000000/16/real_time",1,5176.44,468.595,ms,,6.18185e+06,,,
"BM_ProducerConsumer<LockFreeQueue<TestData>>/10000/32/real_time",5,134.002,7.119,ms,,4.77603e+06,,,
"BM_ProducerConsumer<LockFreeQueue<TestData>>/100000/32/real_time",1,1061.18,65.006,ms,,6.03102e+06,,,
"BM_ProducerConsumer<LockFreeQueue<TestData>>/1000000/32/real_time",1,11396.9,1620.42,ms,,5.61556e+06,,,
"BM_ProducerConsumer<UnboundedQueue<TestData>>/10000/2/real_time",192,4.01228,0.0787031,ms,,9.9694e+06,,,
"BM_ProducerConsumer<UnboundedQueue<TestData>>/100000/2/real_time",24,21.8235,0.0564583,ms,,1.83288e+07,,,
"BM_ProducerConsumer<UnboundedQueue<TestData>>/1000000/2/real_time",4,265.912,0.1065,ms,,1.50426e+07,,,
"BM_ProducerConsumer<UnboundedQueue<TestData>>/10000/4/real_time",64,11.3329,0.133187,ms,,7.05906e+06,,,
"BM_ProducerConsumer<UnboundedQueue<TestData>>/100000/4/real_time",5,111.316,0.1934,ms,,7.18676e+06,,,
"BM_ProducerConsumer<UnboundedQueue<TestData>>/1000000/4/real_time",1,914.859,0.146,ms,,8.74451e+06,,,
"BM_ProducerConsumer<UnboundedQueue<TestData>>/10000/8/real_time",28,23.4983,0.204429,ms,,6.80901e+06,,,
"BM_ProducerConsumer<UnboundedQueue<TestData>>/100000/8/real_time",3,244.878,0.292667,ms,,6.53386e+06,,,
"BM_ProducerConsumer<UnboundedQueue<TestData>>/1000000/8/real_time",1,2656.82,0.22,ms,,6.02224e+06,,,
"BM_ProducerConsumer<UnboundedQueue<TestData>>/10000/16/real_time",12,71.4361,0.366833,ms,,4.47953e+06,,,
"BM_ProducerConsumer<UnboundedQueue<TestData>>/100000/16/real_time",1,746.034,0.341,ms,,4.28935e+06,,,
"BM_ProducerConsumer<UnboundedQueue<TestData>>/1000000/16/real_time",1,10044.7,0.451,ms,,3.18576e+06,,,
"BM_ProducerConsumer<UnboundedQueue<TestData>>/10000/32/real_time",2,305.506,0.707,ms,,2.09488e+06,,,
"BM_ProducerConsumer<UnboundedQueue<TestData>>/100000/32/real_time",1,2607.62,1.192,ms,,2.45434e+06,,,
"BM_ProducerConsumer<UnboundedQueue<TestData>>/1000000/32/real_time",1,36120.8,1.278,ms,,1.77183e+06,,,
